<?xml version="1.0" encoding="UTF-8"?>
<tk:Toolkit version="5.0" xsi:schemaLocation="http://www.qdocuments.net ..\..\schema\v5\Module.xsd" xmlns:tk="http://www.qdocuments.net" xmlns:xsi="http://www.w3.org/2001/XMLSchema-instance">
  <tk:Module>
    <tk:Title>
      <tk:Content>角色</tk:Content>
    </tk:Title>
    <tk:MetaData>
      <tk:SingleDetailListMetaData>
        <tk:Main>
          <tk:SingleXmlMetaData DataXml="UserManager/Part.xml" ColumnCount="1" DisableAutoDetailLink="false"/>
        </tk:Main>
        <tk:Detail ListStyle="Table">
          <tk:SingleXmlMetaData DataXml="UserManager/User.xml" DisableAutoDetailLink="true"/>
        </tk:Detail>
      </tk:SingleDetailListMetaData>
    </tk:MetaData>
    <tk:Source>
      <tk:SingleDbDetailListSource>
        <tk:Resolver>
          <tk:RegResolver>Part</tk:RegResolver>
        </tk:Resolver>
        <tk:Operators>
          <tk:SubFuncOperators FunctionKey="Part" Page="List"/>
        </tk:Operators>
        <tk:DetailOperators>
          <tk:SubFuncOperators FunctionKey="Part" Page="Detail"/>
        </tk:DetailOperators>
        <tk:ChildTable>
          <tk:Resolver>
            <tk:RegResolver>User</tk:RegResolver>
          </tk:Resolver>
          <tk:Relation>
            <tk:MasterFields>Id</tk:MasterFields>
            <tk:DetailFields>Id</tk:DetailFields>
            <tk:ManyToMany MasterField="UP_PART_ID" DetailField="UP_USER_ID" TableName="UR_USERS_PART"/>
          </tk:Relation>
        </tk:ChildTable>
      </tk:SingleDbDetailListSource>
    </tk:Source>
    <tk:PageMaker>
      <tk:RazorModuleTemplatePageMaker ModuleTemplate="SingleDialogDetailList" />
    </tk:PageMaker>
  </tk:Module>
</tk:Toolkit>
