<?xml version="1.0" encoding="UTF-8"?>
<tk:Toolkit version="5.0" xsi:schemaLocation="http://www.qdocuments.net ..\..\schema\v5\Module.xsd" xmlns:tk="http://www.qdocuments.net" xmlns:xsi="http://www.w3.org/2001/XMLSchema-instance">
  <tk:Module>
    <tk:Title>
      <tk:Content>功能菜单</tk:Content>
    </tk:Title>
    <tk:MetaData>
      <tk:DetailMetaData ListStyle="Table">
        <tk:SingleXmlMetaData DataXml="UserManager/SubFunc.xml"/>
      </tk:DetailMetaData>
    </tk:MetaData>
    <tk:Source>
      <!--<tk:CompositeSource>
        <tk:Item>
          <tk:Condition SearchType="Style Post" IsPost="false" Style="Update"/>
          <tk:SimpleResolverSource>
            <tk:Resolver>
              <tk:RegResolver>SubFunction</tk:RegResolver>
            </tk:Resolver>
          </tk:SimpleResolverSource>
        </tk:Item>
        <tk:Item>
          <tk:Condition SearchType="Style Post" IsPost="true" Style="Update"/>
          <tk:SingleDbEditSource UpdateMode="Merge">
            <tk:Resolver>
              <tk:RegResolver>SubFunction</tk:RegResolver>
            </tk:Resolver>
          </tk:SingleDbEditSource>
        </tk:Item>
      </tk:CompositeSource>-->
      <tk:DbDetailTableMaintainSource ParentKey="FnId">
        <tk:Resolver>
          <tk:RegResolver>SubFunction</tk:RegResolver>
        </tk:Resolver>
      </tk:DbDetailTableMaintainSource>
    </tk:Source>
    <tk:PageMaker>
      <tk:PostRazorPageMaker DestUrl="Custom" Template="NormalMultiEdit">
        <tk:RazorData>
          <tk:NormalEditData ShowTitle="false" DialogMode="true"/>
        </tk:RazorData>
        <tk:CustomUrl>CloseDialogAndRefresh</tk:CustomUrl>
      </tk:PostRazorPageMaker>
    </tk:PageMaker>
  </tk:Module>
</tk:Toolkit>
