<?xml version="1.0" encoding="UTF-8"?>
<tk:Toolkit version="5.0" xsi:schemaLocation="http://www.qdocuments.net ..\..\schema\v5\Module.xsd" xmlns:tk="http://www.qdocuments.net" xmlns:xsi="http://www.w3.org/2001/XMLSchema-instance">
  <tk:Module>
    <tk:Title>
      <tk:Content>用户</tk:Content>
    </tk:Title>
    <tk:MetaData>
      <tk:SingleXmlMetaData DataXml="UserManager/User.xml"/>
    </tk:MetaData>
    <tk:Source>
      <tk:SingleDbSource>
        <tk:Resolver>
          <tk:RegResolver>User</tk:RegResolver>
        </tk:Resolver>
        <tk:FunctionRight FunctionKey="Users" FunctionType="Admin"/>
        <tk:Operators>
          <tk:SubFuncOperators FunctionKey="Users" Page="List"/>
        </tk:Operators>
        <tk:DetailOperators>
          <tk:SubFuncOperators FunctionKey="Users" Page="Detail"/>
        </tk:DetailOperators>
      </tk:SingleDbSource>
    </tk:Source>
    <tk:PageMaker>
      <tk:RazorModuleTemplatePageMaker ModuleTemplate="Single">
        <tk:PageTemplate Style="Update">
          <tk:RazorData>
            <tk:NormalEditData>
              <tk:ControlGroup>
                <tk:GroupSection Order="0">
                  <tk:Caption>
                    <tk:Content>测试1</tk:Content>
                  </tk:Caption>
                </tk:GroupSection>
                <tk:GroupSection Order="80">
                  <tk:Caption>
                    <tk:Content>测试2</tk:Content>
                  </tk:Caption>
                </tk:GroupSection>
                <tk:GroupSection Order="200">
                  <tk:Caption>
                    <tk:Content>测试3</tk:Content>
                  </tk:Caption>
                </tk:GroupSection>
              </tk:ControlGroup>
            </tk:NormalEditData>
          </tk:RazorData>
        </tk:PageTemplate>
      </tk:RazorModuleTemplatePageMaker>
    </tk:PageMaker>
  </tk:Module>
</tk:Toolkit>
