<?xml version="1.0" encoding="utf-8"?>
<tk:Toolkit version="5.5" xmlns:tk="http://www.qdocuments.net" xmlns:xsi="http://www.w3.org/2001/XMLSchema-instance" xsi:schemaLocation="http://www.qdocuments.net schema\v5\WebDefault.xsd">
  <tk:Simple>
    <!--<DefaultDistributedCache>RedisWeak</DefaultDistributedCache>-->
    <!--<RazorTemplate>Normal</RazorTemplate>-->
  </tk:Simple>
  <tk:ExceptionHandler>
    <tk:ErrorOperationException>
      <tk:PageMakerExceptionHandler>
        <tk:PageMaker>
          <tk:ExceptionRazorPageMaker/>
        </tk:PageMaker>
      </tk:PageMakerExceptionHandler>
    </tk:ErrorOperationException>
    <tk:ToolkitException>
      <tk:UseSystemExceptionHandler />
      <!--<tk:PageMakerExceptionHandler>
        <tk:PageMaker>
          <tk:ExceptionRazorPageMaker/>
        </tk:PageMaker>
      </tk:PageMakerExceptionHandler>-->
    </tk:ToolkitException>
    <tk:ErrorPageException>
      <tk:RazorErrorPageExceptionHandler/>
    </tk:ErrorPageException>
    <tk:Exception>
      <tk:UseSystemExceptionHandler />
      <!--<tk:PageMakerExceptionHandler Log="true">
        <tk:PageMaker>
          <tk:ExceptionRazorPageMaker/>
        </tk:PageMaker>
      </tk:PageMakerExceptionHandler>-->
    </tk:Exception>
  </tk:ExceptionHandler>
  <tk:WebConfig>
    <tk:DefaultPostObjectCreator>
      <tk:CompositeCreator>
        <tk:Item>
          <tk:Condition SearchType="Style" Style="List"/>
          <tk:JsonObjectCreator RegClassName="QueryConditionObject"/>
        </tk:Item>
        <tk:Item>
          <tk:Condition SearchType="True"/>
          <tk:JsonPostDataSetCreator/>
        </tk:Item>
      </tk:CompositeCreator>
    </tk:DefaultPostObjectCreator>
    <tk:DefaultPageMaker>
      <tk:XmlPageMaker/>
    </tk:DefaultPageMaker>
    <tk:DefaultRedirector>
      <tk:OutputRedirector/>
    </tk:DefaultRedirector>
  </tk:WebConfig>
  <!--<tk:PageData>
  </tk:PageData>-->
</tk:Toolkit>
