<?xml version="1.0" encoding="utf-8"?>
<tk:Toolkit version="5.0" xsi:schemaLocation="http://www.qdocuments.net ..\..\schema\v5\CodeData.xsd" xmlns:tk="http://www.qdocuments.net" xmlns:xsi="http://www.w3.org/2001/XMLSchema-instance">
  <tk:CodeData RegName="CodeSex" Author="YJC" CreateDate="2014-07-12" Description="性别代码表">
    <tk:Row>
      <tk:Value>01</tk:Value>
      <tk:Name>
        <tk:Content>男</tk:Content>
      </tk:Name>
    </tk:Row>
    <tk:Row>
      <tk:Value>02</tk:Value>
      <tk:Name>
        <tk:Content>女</tk:Content>
      </tk:Name>
    </tk:Row>
    <tk:Row>
      <tk:Value>03</tk:Value>
      <tk:Name>
        <tk:Content>其他</tk:Content>
      </tk:Name>
    </tk:Row>
  </tk:CodeData>
  <tk:CodeData RegName="CodeEducation" Description="学历代码表" Author="YJC" CreateDate="2014-07-12">
    <tk:Row>
      <tk:Value>01</tk:Value>
      <tk:Name>
        <tk:Content>小学</tk:Content>
      </tk:Name>
    </tk:Row>
    <tk:Row>
      <tk:Value>02</tk:Value>
      <tk:Name>
        <tk:Content>初中</tk:Content>
      </tk:Name>
    </tk:Row>
    <tk:Row>
      <tk:Value>03</tk:Value>
      <tk:Name>
        <tk:Content>高中</tk:Content>
      </tk:Name>
    </tk:Row>
    <tk:Row>
      <tk:Value>04</tk:Value>
      <tk:Name>
        <tk:Content>中专</tk:Content>
      </tk:Name>
    </tk:Row>
    <tk:Row>
      <tk:Value>05</tk:Value>
      <tk:Name>
        <tk:Content>大专</tk:Content>
      </tk:Name>
    </tk:Row>
    <tk:Row>
      <tk:Value>06</tk:Value>
      <tk:Name>
        <tk:Content>大学</tk:Content>
      </tk:Name>
    </tk:Row>
    <tk:Row>
      <tk:Value>07</tk:Value>
      <tk:Name>
        <tk:Content>研究生</tk:Content>
      </tk:Name>
    </tk:Row>
    <tk:Row>
      <tk:Value>08</tk:Value>
      <tk:Name>
        <tk:Content>博士或以上</tk:Content>
      </tk:Name>
    </tk:Row>
  </tk:CodeData>
  <tk:CodeData RegName="CodeWhether" Description="是否代码表" Author="YJC" CreateDate="2014-07-12">
    <tk:Row>
      <tk:Value>1</tk:Value>
      <tk:Name>
        <tk:Content>是</tk:Content>
      </tk:Name>
    </tk:Row>
    <tk:Row>
      <tk:Value>2</tk:Value>
      <tk:Name>
        <tk:Content>否</tk:Content>
      </tk:Name>
    </tk:Row>
  </tk:CodeData>
</tk:Toolkit>
